label,fusion_score,face_conf,voice_conf,gesture_conf
genuine,0.843,0.82,0.8,0.92
genuine,0.8506,0.811,0.805,0.95
genuine,0.8439500000000001,0.793,0.804,0.95
genuine,0.83555,0.793,0.78,0.95
genuine,0.8320500000000001,0.779,0.784,0.95
genuine,0.8454999999999999,0.787,0.823,0.94
genuine,0.8548,0.778,0.85,0.95
genuine,0.84675,0.772,0.833,0.95
genuine,0.85675,0.779,0.846,0.96
genuine,0.8512500000000001,0.786,0.849,0.93
genuine,0.855,0.805,0.815,0.96
genuine,0.84255,0.781,0.812,0.95
genuine,0.84565,0.785,0.834,0.93
genuine,0.8447499999999999,0.794,0.831,0.92
genuine,0.866,0.813,0.847,0.95
genuine,0.856,0.81,0.83,0.94
genuine,0.8691,0.819,0.867,0.93
genuine,0.8544,0.805,0.839,0.93
genuine,0.8628,0.813,0.855,0.93
genuine,0.8453000000000002,0.799,0.819,0.93
genuine,0.8505,0.803,0.847,0.91
genuine,0.8431500000000001,0.794,0.835,0.91
genuine,0.83165,0.789,0.79,0.93
genuine,0.8497,0.789,0.833,0.94
genuine,0.8484500000000001,0.807,0.82,0.93
genuine,0.8257000000000001,0.782,0.78,0.93
genuine,0.8351500000000001,0.804,0.785,0.93
genuine,0.8285,0.797,0.773,0.93
genuine,0.8411000000000002,0.805,0.801,0.93
genuine,0.82275,0.808,0.737,0.94
genuine,0.8140000000000001,0.802,0.718,0.94
genuine,0.8299000000000001,0.793,0.781,0.93
genuine,0.84145,0.8,0.807,0.93
genuine,0.8371,0.788,0.798,0.94
genuine,0.8278000000000001,0.775,0.793,0.93
genuine,0.8127500000000001,0.786,0.739,0.93
genuine,0.79575,0.794,0.691,0.92
genuine,0.81305,0.776,0.767,0.91
genuine,0.84985,0.806,0.825,0.93
genuine,0.81645,0.789,0.738,0.94
genuine,0.83005,0.798,0.785,0.92
genuine,0.83605,0.808,0.775,0.94
genuine,0.8231,0.806,0.74,0.94
genuine,0.8250000000000002,0.794,0.766,0.93
genuine,0.8141500000000002,0.787,0.742,0.93
genuine,0.8001500000000001,0.783,0.706,0.93
genuine,0.8146500000000001,0.783,0.756,0.92
genuine,0.78525,0.788,0.667,0.92
genuine,0.8307500000000001,0.794,0.791,0.92
genuine,0.8206,0.793,0.763,0.92
genuine,0.8182500000000001,0.736,0.839,0.89
genuine,0.7574000000000001,0.782,0.782,0.7
genuine,0.8405,0.777,0.793,0.97
genuine,0.8373,0.741,0.837,0.95
genuine,0.84115,0.731,0.858,0.95
genuine,0.817,0.76,0.82,0.88
genuine,0.8356999999999999,0.727,0.855,0.94
genuine,0.86265,0.809,0.85,0.94
genuine,0.8449500000000001,0.762,0.855,0.93
genuine,0.83375,0.777,0.808,0.93
genuine,0.8152999999999999,0.743,0.815,0.9
genuine,0.8182,0.784,0.748,0.94
genuine,0.8158000000000001,0.796,0.712,0.96
genuine,0.8397000000000001,0.787,0.815,0.93
genuine,0.79255,0.777,0.776,0.83
genuine,0.7725500000000001,0.785,0.728,0.81
genuine,0.8245,0.768,0.782,0.94
genuine,0.85535,0.788,0.833,0.96
genuine,0.8207500000000001,0.718,0.847,0.91
genuine,0.78975,0.674,0.751,0.97
genuine,0.7606999999999999,0.7,0.762,0.83
genuine,0.7381500000000001,0.703,0.746,0.77
genuine,0.77555,0.769,0.804,0.75
genuine,0.8302499999999999,0.78,0.855,0.86
genuine,0.8211499999999999,0.77,0.839,0.86
genuine,0.8007500000000001,0.658,0.807,0.96
genuine,0.7985500000000001,0.677,0.816,0.92
genuine,0.76875,0.682,0.803,0.83
genuine,0.78115,0.687,0.782,0.89
genuine,0.8168500000000001,0.709,0.802,0.96
genuine,0.81775,0.75,0.815,0.9
genuine,0.8048,0.702,0.826,0.9
genuine,0.78885,0.667,0.764,0.96
genuine,0.7158500000000001,0.519,0.772,0.88
genuine,0.74625,0.556,0.839,0.86
genuine,0.7799,0.55,0.864,0.95
genuine,0.69445,0.586,0.721,0.79
genuine,0.7956000000000001,0.732,0.744,0.93
genuine,0.79345,0.696,0.731,0.98
genuine,0.8179,0.71,0.804,0.96
genuine,0.79145,0.682,0.765,0.95
genuine,0.7318500000000001,0.6,0.711,0.91
genuine,0.7704500000000001,0.615,0.772,0.95
genuine,0.74295,0.589,0.728,0.94
genuine,0.767,0.589,0.771,0.97
genuine,0.7859,0.608,0.806,0.97
genuine,0.7938999999999999,0.632,0.822,0.95
genuine,0.7870999999999999,0.611,0.815,0.96
genuine,0.7494500000000001,0.581,0.806,0.88
genuine,0.7333999999999999,0.571,0.813,0.83
genuine,0.74105,0.586,0.717,0.95
genuine,0.77415,0.591,0.798,0.96
genuine,0.76005,0.729,0.594,0.99
genuine,0.78115,0.711,0.698,0.96
genuine,0.7888999999999999,0.67,0.744,0.98
genuine,0.7908,0.708,0.72,0.97
genuine,0.7841499999999999,0.701,0.708,0.97
genuine,0.7728,0.692,0.736,0.91
genuine,0.7642,0.68,0.672,0.97
genuine,0.7260500000000001,0.705,0.598,0.9
genuine,0.77135,0.677,0.704,0.96
genuine,0.78235,0.71,0.711,0.95
genuine,0.76355,0.697,0.636,0.99
genuine,0.79375,0.67,0.775,0.96
genuine,0.7515,0.686,0.724,0.86
genuine,0.7258,0.667,0.601,0.94
genuine,0.7318500000000001,0.686,0.625,0.91
genuine,0.7772,0.676,0.696,0.99
genuine,0.7229,0.642,0.592,0.97
genuine,0.6988,0.628,0.64,0.85
genuine,0.7016,0.659,0.677,0.78
genuine,0.7468,0.679,0.649,0.94
genuine,0.7271000000000001,0.657,0.649,0.9
genuine,0.68245,0.665,0.642,0.75
genuine,0.7021000000000002,0.678,0.548,0.91
genuine,0.6884,0.641,0.503,0.96
genuine,0.74725,0.65,0.645,0.98
genuine,0.72,0.659,0.601,0.93
genuine,0.7303000000000001,0.658,0.64,0.92
genuine,0.64885,0.65,0.381,0.96
genuine,0.74805,0.643,0.68,0.95
genuine,0.69805,0.653,0.63,0.83
genuine,0.7493000000000001,0.633,0.685,0.96
genuine,0.7292,0.622,0.63,0.97
genuine,0.7268,0.631,0.597,0.99
genuine,0.6831,0.662,0.544,0.87
genuine,0.7135499999999999,0.702,0.591,0.87
genuine,0.7299,0.746,0.628,0.83
genuine,0.73465,0.715,0.604,0.91
genuine,0.6832499999999999,0.755,0.58,0.72
genuine,0.6685,0.719,0.471,0.84
genuine,0.76295,0.759,0.658,0.89
genuine,0.7745,0.734,0.716,0.89
genuine,0.7972,0.749,0.723,0.94
genuine,0.7479,0.758,0.736,0.75
genuine,0.77355,0.748,0.725,0.86
genuine,0.80535,0.738,0.723,0.98
genuine,0.7658500000000001,0.762,0.749,0.79
genuine,0.7684,0.73,0.694,0.9
genuine,0.7798,0.743,0.705,0.91
genuine,0.7376,0.766,0.69,0.76
genuine,0.7706,0.718,0.678,0.94
genuine,0.7518,0.748,0.62,0.91
genuine,0.7916,0.742,0.714,0.94
genuine,0.7623500000000001,0.763,0.618,0.93
genuine,0.7423000000000001,0.74,0.558,0.96
genuine,0.7641,0.775,0.611,0.93
genuine,0.7217,0.75,0.532,0.91
genuine,0.5266,0.776,0.0,0.85
genuine,0.7887500000000001,0.768,0.697,0.92
genuine,0.7578500000000001,0.732,0.679,0.88
genuine,0.6866,0.703,0.513,0.87
genuine,0.7985500000000001,0.738,0.755,0.92
genuine,0.7403000000000001,0.74,0.578,0.93
genuine,0.7900499999999999,0.731,0.772,0.88
genuine,0.8009999999999999,0.756,0.744,0.92
genuine,0.7871000000000001,0.749,0.737,0.89
genuine,0.7622500000000001,0.735,0.68,0.89
genuine,0.74045,0.738,0.589,0.92
genuine,0.74795,0.748,0.669,0.84
genuine,0.7983500000000001,0.724,0.777,0.91
genuine,0.7536,0.75,0.606,0.93
genuine,0.5186000000000001,0.676,0.0,0.94
genuine,0.7782,0.746,0.706,0.9
genuine,0.7646999999999999,0.719,0.703,0.89
genuine,0.7847999999999999,0.745,0.743,0.88
genuine,0.74495,0.733,0.624,0.9
genuine,0.7488,0.711,0.657,0.9
genuine,0.78855,0.753,0.78,0.84
genuine,0.8018500000000002,0.758,0.753,0.91
genuine,0.72915,0.715,0.614,0.88
genuine,0.7883500000000001,0.74,0.741,0.9
genuine,0.7605,0.7,0.71,0.89
genuine,0.7986,0.768,0.768,0.87
genuine,0.7596,0.755,0.661,0.88
genuine,0.804,0.748,0.812,0.86
genuine,0.80335,0.743,0.798,0.88
genuine,0.7968000000000001,0.766,0.782,0.85
genuine,0.7908,0.719,0.769,0.9
genuine,0.7724,0.728,0.776,0.82
genuine,0.7709999999999999,0.737,0.763,0.82
genuine,0.774,0.763,0.677,0.9
genuine,0.78305,0.754,0.729,0.88
genuine,0.78805,0.761,0.762,0.85
genuine,0.7144999999999999,0.75,0.58,0.83
genuine,0.62625,0.731,0.484,0.67
genuine,0.7670000000000001,0.746,0.674,0.9
genuine,0.7561999999999999,0.741,0.691,0.85
genuine,0.76545,0.749,0.718,0.84
genuine,0.7799,0.766,0.708,0.88
genuine,0.7754000000000001,0.756,0.688,0.9
genuine,0.78895,0.723,0.734,0.93
genuine,0.763,0.74,0.72,0.84
genuine,0.7407,0.761,0.661,0.81
impostor,0.061599999999999995,0.176,0.0,0.0
impostor,0.049699999999999994,0.142,0.0,0.0
impostor,0.05109999999999999,0.146,0.0,0.0
impostor,0.0441,0.126,0.0,0.0
impostor,0.05004999999999999,0.143,0.0,0.0
impostor,0.0476,0.136,0.0,0.0
impostor,0.04865,0.139,0.0,0.0
impostor,0.05109999999999999,0.146,0.0,0.0
impostor,0.0462,0.132,0.0,0.0
impostor,0.04795,0.137,0.0,0.0
impostor,0.0455,0.13,0.0,0.0
impostor,0.0476,0.136,0.0,0.0
impostor,0.04725,0.135,0.0,0.0
impostor,0.0483,0.138,0.0,0.0
impostor,0.05354999999999999,0.153,0.0,0.0
impostor,0.05565,0.159,0.0,0.0
impostor,0.055299999999999995,0.158,0.0,0.0
impostor,0.04865,0.139,0.0,0.0
impostor,0.052849999999999994,0.151,0.0,0.0
impostor,0.0574,0.164,0.0,0.0
impostor,0.04795,0.137,0.0,0.0
impostor,0.05495,0.157,0.0,0.0
impostor,0.05039999999999999,0.144,0.0,0.0
impostor,0.0567,0.162,0.0,0.0
impostor,0.05425,0.155,0.0,0.0
impostor,0.052849999999999994,0.151,0.0,0.0
impostor,0.05495,0.157,0.0,0.0
impostor,0.055299999999999995,0.158,0.0,0.0
impostor,0.05565,0.159,0.0,0.0
impostor,0.0574,0.164,0.0,0.0
impostor,0.05845,0.167,0.0,0.0
impostor,0.0483,0.138,0.0,0.0
impostor,0.0483,0.138,0.0,0.0
impostor,0.053899999999999997,0.154,0.0,0.0
impostor,0.05354999999999999,0.153,0.0,0.0
impostor,0.055299999999999995,0.158,0.0,0.0
impostor,0.0581,0.166,0.0,0.0
impostor,0.05495,0.157,0.0,0.0
impostor,0.05705,0.163,0.0,0.0
impostor,0.05985,0.171,0.0,0.0
impostor,0.0567,0.162,0.0,0.0
impostor,0.05705,0.163,0.0,0.0
impostor,0.052849999999999994,0.151,0.0,0.0
impostor,0.05495,0.157,0.0,0.0
impostor,0.05985,0.171,0.0,0.0
impostor,0.05565,0.159,0.0,0.0
impostor,0.0595,0.17,0.0,0.0
impostor,0.052149999999999995,0.149,0.0,0.0
impostor,0.0588,0.168,0.0,0.0
impostor,0.0595,0.17,0.0,0.0
impostor,0.05635,0.161,0.0,0.0
impostor,0.055299999999999995,0.158,0.0,0.0
impostor,0.0574,0.164,0.0,0.0
impostor,0.0532,0.152,0.0,0.0
impostor,0.0483,0.138,0.0,0.0
impostor,0.052849999999999994,0.151,0.0,0.0
impostor,0.05004999999999999,0.143,0.0,0.0
impostor,0.061599999999999995,0.176,0.0,0.0
impostor,0.0896,0.256,0.0,0.0
impostor,0.0462,0.132,0.0,0.0
impostor,0.0476,0.136,0.0,0.0
impostor,0.052849999999999994,0.151,0.0,0.0
impostor,0.052849999999999994,0.151,0.0,0.0
impostor,0.04865,0.139,0.0,0.0
impostor,0.05179999999999999,0.148,0.0,0.0
impostor,0.050749999999999997,0.145,0.0,0.0
impostor,0.04795,0.137,0.0,0.0
impostor,0.0679,0.194,0.0,0.0
impostor,0.04934999999999999,0.141,0.0,0.0
impostor,0.0532,0.152,0.0,0.0
impostor,0.0525,0.15,0.0,0.0
impostor,0.044449999999999996,0.127,0.0,0.0
impostor,0.049,0.14,0.0,0.0
impostor,0.04655,0.133,0.0,0.0
impostor,0.06265,0.179,0.0,0.0
impostor,0.045149999999999996,0.129,0.0,0.0
impostor,0.04585,0.131,0.0,0.0
impostor,0.05635,0.161,0.0,0.0
impostor,0.0952,0.272,0.0,0.0
impostor,0.04025,0.115,0.0,0.0
impostor,0.0462,0.132,0.0,0.0
impostor,0.04865,0.139,0.0,0.0
impostor,0.04795,0.137,0.0,0.0
impostor,0.061599999999999995,0.176,0.0,0.0
impostor,0.04655,0.133,0.0,0.0
impostor,0.0658,0.188,0.0,0.0
impostor,0.0679,0.194,0.0,0.0
impostor,0.0525,0.15,0.0,0.0
impostor,0.04865,0.139,0.0,0.0
impostor,0.045149999999999996,0.129,0.0,0.0
impostor,0.04235,0.121,0.0,0.0
impostor,0.041299999999999996,0.118,0.0,0.0
impostor,0.04655,0.133,0.0,0.0
impostor,0.05354999999999999,0.153,0.0,0.0
impostor,0.043399999999999994,0.124,0.0,0.0
impostor,0.04795,0.137,0.0,0.0
impostor,0.07279999999999999,0.208,0.0,0.0
impostor,0.0693,0.198,0.0,0.0
impostor,0.06265,0.179,0.0,0.0
impostor,0.06684999999999999,0.191,0.0,0.0
impostor,0.05565,0.159,0.0,0.0
impostor,0.04865,0.139,0.0,0.0
impostor,0.06475,0.185,0.0,0.0
impostor,0.05179999999999999,0.148,0.0,0.0
impostor,0.0322,0.092,0.0,0.0
impostor,0.0266,0.076,0.0,0.0
impostor,0.024849999999999997,0.071,0.0,0.0
impostor,0.02415,0.069,0.0,0.0
impostor,0.0245,0.07,0.0,0.0
impostor,0.02625,0.075,0.0,0.0
impostor,0.02205,0.063,0.0,0.0
impostor,0.02835,0.081,0.0,0.0
impostor,0.02625,0.075,0.0,0.0
impostor,0.0245,0.07,0.0,0.0
impostor,0.024849999999999997,0.071,0.0,0.0
impostor,0.0231,0.066,0.0,0.0
impostor,0.031149999999999997,0.089,0.0,0.0
impostor,0.0287,0.082,0.0,0.0
impostor,0.04795,0.137,0.0,0.0
impostor,0.025199999999999997,0.072,0.0,0.0
impostor,0.035699999999999996,0.102,0.0,0.0
impostor,0.0392,0.112,0.0,0.0
impostor,0.041999999999999996,0.12,0.0,0.0
impostor,0.033249999999999995,0.095,0.0,0.0
impostor,0.044449999999999996,0.127,0.0,0.0
impostor,0.021349999999999997,0.061,0.0,0.0
impostor,0.0315,0.09,0.0,0.0
impostor,0.025899999999999996,0.074,0.0,0.0
impostor,0.027299999999999998,0.078,0.0,0.0
impostor,0.01925,0.055,0.0,0.0
impostor,0.027999999999999997,0.08,0.0,0.0
impostor,0.027649999999999997,0.079,0.0,0.0
impostor,0.027649999999999997,0.079,0.0,0.0
impostor,0.025899999999999996,0.074,0.0,0.0
impostor,0.025899999999999996,0.074,0.0,0.0
impostor,0.030799999999999998,0.088,0.0,0.0
impostor,0.027999999999999997,0.08,0.0,0.0
impostor,0.030799999999999998,0.088,0.0,0.0
impostor,0.0287,0.082,0.0,0.0
impostor,0.0266,0.076,0.0,0.0
impostor,0.027299999999999998,0.078,0.0,0.0
impostor,0.032549999999999996,0.093,0.0,0.0
impostor,0.0224,0.064,0.0,0.0
impostor,0.01925,0.055,0.0,0.0
impostor,0.033249999999999995,0.095,0.0,0.0
impostor,0.02975,0.085,0.0,0.0
impostor,0.030099999999999995,0.086,0.0,0.0
impostor,0.030799999999999998,0.088,0.0,0.0
impostor,0.0266,0.076,0.0,0.0
impostor,0.031149999999999997,0.089,0.0,0.0
impostor,0.03745,0.107,0.0,0.0
impostor,0.027649999999999997,0.079,0.0,0.0
impostor,0.031149999999999997,0.089,0.0,0.0
impostor,0.0343,0.098,0.0,0.0
impostor,0.0294,0.084,0.0,0.0
impostor,0.0336,0.096,0.0,0.0
impostor,0.02625,0.075,0.0,0.0
impostor,0.0266,0.076,0.0,0.0
impostor,0.02625,0.075,0.0,0.0
impostor,0.04164999999999999,0.119,0.0,0.0
impostor,0.0385,0.11,0.0,0.0
impostor,0.0315,0.09,0.0,0.0
impostor,0.03535,0.101,0.0,0.0
impostor,0.031849999999999996,0.091,0.0,0.0
impostor,0.0266,0.076,0.0,0.0
impostor,0.030799999999999998,0.088,0.0,0.0
impostor,0.030449999999999994,0.087,0.0,0.0
impostor,0.030099999999999995,0.086,0.0,0.0
impostor,0.0336,0.096,0.0,0.0
impostor,0.0238,0.068,0.0,0.0
impostor,0.02625,0.075,0.0,0.0
impostor,0.0287,0.082,0.0,0.0
impostor,0.026949999999999998,0.077,0.0,0.0
impostor,0.0322,0.092,0.0,0.0
impostor,0.037099999999999994,0.106,0.0,0.0
impostor,0.0462,0.132,0.0,0.0
impostor,0.0378,0.108,0.0,0.0
impostor,0.035699999999999996,0.102,0.0,0.0
impostor,0.03605,0.103,0.0,0.0
impostor,0.05039999999999999,0.144,0.0,0.0
impostor,0.03465,0.099,0.0,0.0
impostor,0.06265,0.179,0.0,0.0
impostor,0.06965,0.199,0.0,0.0
impostor,0.0707,0.202,0.0,0.0
impostor,0.0735,0.21,0.0,0.0
impostor,0.07105,0.203,0.0,0.0
impostor,0.06545,0.187,0.0,0.0
impostor,0.07175,0.205,0.0,0.0
impostor,0.07525,0.215,0.0,0.0
impostor,0.07944999999999999,0.227,0.0,0.0
impostor,0.0707,0.202,0.0,0.0
impostor,0.07805,0.223,0.0,0.0
impostor,0.07105,0.203,0.0,0.0
impostor,0.0658,0.188,0.0,0.0
impostor,0.0784,0.224,0.0,0.0
impostor,0.07735,0.221,0.0,0.0
impostor,0.0294,0.084,0.0,0.0
impostor,0.030799999999999998,0.088,0.0,0.0
impostor,0.04305,0.123,0.0,0.0
impostor,0.050749999999999997,0.145,0.0,0.0
impostor,0.5467000000000001,0.782,0.0,0.91
impostor,0.2895000000000001,0.776,0.0,0.93
impostor,0.2765,0.769,0.0,0.84
impostor,0.5421,0.786,0.0,0.89
impostor,0.5337000000000001,0.762,0.0,0.89
impostor,0.5226500000000001,0.739,0.0,0.88
impostor,0.5266500000000001,0.759,0.0,0.87
impostor,0.5386500000000001,0.759,0.0,0.91
impostor,0.54335,0.781,0.0,0.9
impostor,0.28155,0.781,0.0,0.83
impostor,0.5076,0.696,0.0,0.88
impostor,0.5081500000000001,0.689,0.0,0.89
impostor,0.5068000000000001,0.668,0.0,0.91
impostor,0.51545,0.667,0.0,0.94
impostor,0.5043500000000001,0.661,0.0,0.91
impostor,0.51935,0.661,0.0,0.96
impostor,0.4851,0.666,0.0,0.84
impostor,0.526,0.68,0.0,0.96
impostor,0.47565,0.579,0.0,0.91
impostor,0.47625,0.615,0.0,0.87
impostor,0.50465,0.739,0.0,0.82
impostor,0.49410000000000004,0.786,0.0,0.73
impostor,0.5571,0.786,0.0,0.94
impostor,0.548,0.76,0.0,0.94
impostor,0.5427000000000001,0.762,0.0,0.92
impostor,0.5325,0.75,0.0,0.9
impostor,0.5467000000000001,0.782,0.0,0.91
impostor,0.5354,0.784,0.0,0.87
impostor,0.54705,0.723,0.0,0.98
impostor,0.5642,0.772,0.0,0.98
impostor,0.5523500000000001,0.781,0.0,0.93
impostor,0.55575,0.765,0.0,0.96
impostor,0.5142500000000001,0.775,0.0,0.81
impostor,0.5325,0.75,0.0,0.9
impostor,0.54835,0.761,0.0,0.94
impostor,0.56385,0.771,0.0,0.98
impostor,0.5679000000000001,0.774,0.0,0.99
impostor,0.5663,0.778,0.0,0.98
impostor,0.5617000000000001,0.782,0.0,0.96
impostor,0.5481500000000001,0.769,0.0,0.93
impostor,0.4628,0.748,0.0,0.67
impostor,0.17165000000000008,0.5,0.0,0.83
impostor,0.15025,0.518,0.0,0.81
impostor,0.5183,0.778,0.0,0.82
impostor,0.25514999999999993,0.731,0.0,0.84
impostor,0.32365,0.829,0.0,0.94
impostor,0.4904,0.784,0.0,0.72
impostor,0.53035,0.701,0.0,0.95
impostor,0.533,0.7,0.0,0.96
impostor,0.5427500000000001,0.805,0.0,0.87
impostor,0.5467000000000001,0.782,0.0,0.91
impostor,0.398,0.52,0.0,0.72
impostor,0.48750000000000004,0.81,0.0,0.68
impostor,0.5678000000000001,0.808,0.0,0.95
impostor,0.5805,0.81,0.0,0.99
impostor,0.29900000000000004,0.79,0.0,0.88
impostor,0.32775,0.818,0.0,0.97
impostor,0.51265,0.779,0.0,0.8
impostor,0.21985000000000005,0.742,0.0,0.72
impostor,0.5302500000000001,0.735,0.0,0.91
impostor,0.26080000000000003,0.791,0.0,0.79
impostor,0.5588000000000001,0.808,0.0,0.92
impostor,0.53195,0.817,0.0,0.82
impostor,0.3142,0.813,0.0,0.87
impostor,0.51695,0.817,0.0,0.77
impostor,0.5032000000000001,0.812,0.0,0.73
impostor,0.5534000000000001,0.784,0.0,0.93
impostor,0.5579000000000001,0.814,0.0,0.91
impostor,0.575,0.82,0.0,0.96
impostor,0.5618000000000001,0.808,0.0,0.93
impostor,0.3079,0.792,0.0,0.87
impostor,0.577,0.8,0.0,0.99
impostor,0.5561500000000001,0.809,0.0,0.91
impostor,0.29140000000000005,0.795,0.0,0.85
impostor,0.56975,0.805,0.0,0.96
impostor,0.32670000000000016,0.793,0.0,0.97
impostor,0.30850000000000005,0.772,0.0,0.97
impostor,0.32795,0.813,0.0,0.98
impostor,0.33145,0.814,0.0,0.98
impostor,0.57925,0.815,0.0,0.98
impostor,0.3410500000000001,0.805,0.0,0.97
impostor,0.45385,0.551,0.0,0.87
impostor,0.3110000000000001,0.762,0.0,0.99
impostor,0.5579000000000001,0.754,0.0,0.98
impostor,0.57345,0.807,0.0,0.97
impostor,0.34,0.824,0.0,0.97
impostor,0.5775,0.81,0.0,0.98
impostor,0.30510000000000004,0.806,0.0,0.94
impostor,0.57255,0.813,0.0,0.96
impostor,0.1508,0.582,0.0,0.75
impostor,0.17919999999999997,0.612,0.0,0.84
impostor,0.25510000000000005,0.654,0.0,0.96
impostor,0.54205,0.743,0.0,0.94
impostor,0.5431,0.746,0.0,0.94
impostor,0.5355000000000001,0.75,0.0,0.91
impostor,0.54515,0.769,0.0,0.92
impostor,0.5328,0.768,0.0,0.88
impostor,0.5448000000000001,0.768,0.0,0.92
impostor,0.5377500000000001,0.765,0.0,0.9
impostor,0.5404500000000001,0.747,0.0,0.93
