face_conf_raw,voice_conf_raw,gesture_conf_raw,fusion_new,ground_truth
0.82,0.8,0.92,0.838,genuine
0.811,0.805,0.95,0.84365,genuine
0.793,0.804,0.95,0.8361000000000001,genuine
0.793,0.78,0.95,0.8277000000000001,genuine
0.779,0.784,0.95,0.8235000000000001,genuine
0.787,0.823,0.94,0.83785,genuine
0.778,0.85,0.95,0.8462000000000001,genuine
0.772,0.833,0.95,0.83785,genuine
0.779,0.846,0.96,0.8477,genuine
0.786,0.849,0.93,0.8440500000000001,genuine
0.805,0.815,0.96,0.8472500000000001,genuine
0.781,0.812,0.95,0.8341000000000001,genuine
0.785,0.834,0.93,0.8384000000000001,genuine
0.794,0.831,0.92,0.8384499999999999,genuine
0.813,0.847,0.95,0.8591500000000001,genuine
0.81,0.83,0.94,0.8495,genuine
0.819,0.867,0.93,0.86355,genuine
0.805,0.839,0.93,0.8481500000000001,genuine
0.813,0.855,0.93,0.85695,genuine
0.799,0.819,0.93,0.83875,genuine
0.803,0.847,0.91,0.8451500000000001,genuine
0.794,0.835,0.91,0.83735,genuine
0.789,0.79,0.93,0.8246000000000001,genuine
0.789,0.833,0.94,0.8421500000000001,genuine
0.807,0.82,0.93,0.8423,genuine
0.782,0.78,0.93,0.8183,genuine
0.804,0.785,0.93,0.8288500000000001,genuine
0.797,0.773,0.93,0.8218500000000001,genuine
0.805,0.801,0.93,0.8348500000000001,genuine
0.808,0.737,0.94,0.81615,genuine
0.802,0.718,0.94,0.8071,genuine
0.793,0.781,0.93,0.8230500000000001,genuine
0.8,0.807,0.93,0.8349500000000001,genuine
0.788,0.798,0.94,0.8295,genuine
0.775,0.793,0.93,0.8200500000000001,genuine
0.786,0.739,0.93,0.8055500000000001,genuine
0.794,0.691,0.92,0.78945,genuine
0.776,0.767,0.91,0.80635,genuine
0.806,0.825,0.93,0.84365,genuine
0.789,0.738,0.94,0.8089000000000001,genuine
0.798,0.785,0.92,0.82395,genuine
0.808,0.775,0.94,0.82945,genuine
0.806,0.74,0.94,0.8164,genuine
0.794,0.766,0.93,0.8182000000000001,genuine
0.787,0.742,0.93,0.807,genuine
0.783,0.706,0.93,0.7928000000000001,genuine
0.783,0.756,0.92,0.8078000000000001,genuine
0.788,0.667,0.92,0.7786500000000001,genuine
0.794,0.791,0.92,0.82445,genuine
0.793,0.763,0.92,0.81425,genuine
0.736,0.839,0.89,0.81055,genuine
0.782,0.782,0.7,0.7615000000000001,genuine
0.777,0.793,0.97,0.8308500000000001,genuine
0.741,0.837,0.95,0.8268500000000001,genuine
0.731,0.858,0.95,0.8302,genuine
0.76,0.82,0.88,0.8109999999999999,genuine
0.727,0.855,0.94,0.82505,genuine
0.809,0.85,0.94,0.8561,genuine
0.762,0.855,0.93,0.83655,genuine
0.777,0.808,0.93,0.8261000000000001,genuine
0.743,0.815,0.9,0.8074499999999999,genuine
0.784,0.748,0.94,0.8104,genuine
0.796,0.712,0.96,0.8076,genuine
0.787,0.815,0.93,0.83255,genuine
0.777,0.776,0.83,0.7899,genuine
0.785,0.728,0.81,0.7713,genuine
0.768,0.782,0.94,0.8159,genuine
0.788,0.833,0.96,0.84675,genuine
0.718,0.847,0.91,0.81115,genuine
0.674,0.751,0.97,0.77495,genuine
0.7,0.762,0.83,0.7542,genuine
0.703,0.746,0.77,0.7348,genuine
0.769,0.804,0.75,0.7765,genuine
0.78,0.855,0.86,0.82625,genuine
0.77,0.839,0.86,0.81665,genuine
0.658,0.807,0.96,0.78565,genuine
0.677,0.816,0.92,0.7864,genuine
0.682,0.803,0.83,0.7613500000000001,genuine
0.687,0.782,0.89,0.771,genuine
0.709,0.802,0.96,0.8043,genuine
0.75,0.815,0.9,0.81025,genuine
0.702,0.826,0.9,0.7948999999999999,genuine
0.667,0.764,0.96,0.7742,genuine
0.519,0.772,0.88,0.6978,genuine
0.556,0.839,0.86,0.73105,genuine
0.55,0.864,0.95,0.7599,genuine
0.586,0.721,0.79,0.68425,genuine
0.732,0.744,0.93,0.7857,genuine
0.696,0.731,0.98,0.7792499999999999,genuine
0.71,0.804,0.96,0.8053999999999999,genuine
0.682,0.765,0.95,0.7780500000000001,genuine
0.6,0.711,0.91,0.7163499999999999,genuine
0.615,0.772,0.95,0.7537,genuine
0.589,0.728,0.94,0.7253999999999999,genuine
0.589,0.771,0.97,0.7479499999999999,genuine
0.608,0.806,0.97,0.7678,genuine
0.632,0.822,0.95,0.778,genuine
0.611,0.815,0.96,0.76965,genuine
0.581,0.806,0.88,0.7344999999999999,genuine
0.571,0.813,0.83,0.72045,genuine
0.586,0.717,0.95,0.72285,genuine
0.591,0.798,0.96,0.7557,genuine
0.729,0.594,0.99,0.747,genuine
0.711,0.698,0.96,0.7686999999999999,genuine
0.67,0.744,0.98,0.7734,genuine
0.708,0.72,0.97,0.7777000000000001,genuine
0.701,0.708,0.97,0.7706999999999999,genuine
0.692,0.736,0.91,0.7619,genuine
0.68,0.672,0.97,0.7497,genuine
0.705,0.598,0.9,0.7162999999999999,genuine
0.677,0.704,0.96,0.7572,genuine
0.71,0.711,0.95,0.7703499999999999,genuine
0.697,0.636,0.99,0.7488999999999999,genuine
0.67,0.775,0.96,0.77925,genuine
0.686,0.724,0.86,0.7428,genuine
0.667,0.601,0.94,0.7121500000000001,genuine
0.686,0.625,0.91,0.72065,genuine
0.676,0.696,0.99,0.7615000000000001,genuine
0.642,0.592,0.97,0.7064999999999999,genuine
0.628,0.64,0.85,0.6877,genuine
0.659,0.677,0.78,0.6955500000000001,genuine
0.679,0.649,0.94,0.73375,genuine
0.657,0.649,0.9,0.71495,genuine
0.665,0.642,0.75,0.6782,genuine
0.678,0.548,0.91,0.6905000000000001,genuine
0.641,0.503,0.96,0.67245,genuine
0.65,0.645,0.98,0.73075,genuine
0.659,0.601,0.93,0.70645,genuine
0.658,0.64,0.92,0.7172000000000001,genuine
0.65,0.381,0.96,0.63335,genuine
0.643,0.68,0.95,0.7327,genuine
0.653,0.63,0.83,0.6892,genuine
0.633,0.685,0.96,0.73295,genuine
0.622,0.63,0.97,0.7118,genuine
0.631,0.597,0.99,0.70885,genuine
0.662,0.544,0.87,0.6727000000000001,genuine
0.702,0.591,0.87,0.7051499999999999,genuine
0.746,0.628,0.83,0.7257,genuine
0.715,0.604,0.91,0.7249,genuine
0.755,0.58,0.72,0.685,genuine
0.719,0.471,0.84,0.66245,genuine
0.759,0.658,0.89,0.7564000000000001,genuine
0.734,0.716,0.89,0.7667,genuine
0.749,0.723,0.94,0.7876500000000001,genuine
0.758,0.736,0.75,0.7483,genuine
0.748,0.725,0.86,0.76795,genuine
0.738,0.723,0.98,0.79325,genuine
0.762,0.749,0.79,0.7644500000000001,genuine
0.73,0.694,0.9,0.7598999999999999,genuine
0.743,0.705,0.91,0.77145,genuine
0.766,0.69,0.76,0.7379,genuine
0.718,0.678,0.94,0.7595,genuine
0.748,0.62,0.91,0.7437,genuine
0.742,0.714,0.94,0.7817,genuine
0.763,0.618,0.93,0.7540000000000001,genuine
0.74,0.558,0.96,0.7313,genuine
0.775,0.611,0.93,0.7563500000000001,genuine
0.75,0.532,0.91,0.7137000000000001,genuine
0.776,0.021,0.85,0.53025,genuine
0.768,0.697,0.92,0.78115,genuine
0.732,0.679,0.88,0.75045,genuine
0.703,0.513,0.87,0.67825,genuine
0.738,0.755,0.92,0.78945,genuine
0.74,0.578,0.93,0.7308,genuine
0.731,0.772,0.88,0.7826,genuine
0.756,0.744,0.92,0.7928,genuine
0.749,0.737,0.89,0.78005,genuine
0.735,0.68,0.89,0.7545000000000001,genuine
0.738,0.589,0.92,0.73135,genuine
0.748,0.669,0.84,0.74335,genuine
0.724,0.777,0.91,0.78905,genuine
0.75,0.606,0.93,0.7446,genuine
0.676,0.379,0.94,0.63805,genuine
0.746,0.706,0.9,0.7705,genuine
0.719,0.703,0.89,0.75615,genuine
0.745,0.743,0.88,0.7780499999999999,genuine
0.733,0.624,0.9,0.7366,genuine
0.711,0.657,0.9,0.73935,genuine
0.753,0.78,0.84,0.7842,genuine
0.758,0.753,0.91,0.7942500000000001,genuine
0.715,0.614,0.88,0.7208999999999999,genuine
0.74,0.741,0.9,0.78035,genuine
0.7,0.71,0.89,0.751,genuine
0.768,0.768,0.87,0.7935000000000001,genuine
0.755,0.661,0.88,0.75335,genuine
0.748,0.812,0.86,0.7984,genuine
0.743,0.798,0.88,0.7965,genuine
0.766,0.782,0.85,0.7926000000000001,genuine
0.719,0.769,0.9,0.7817500000000001,genuine
0.728,0.776,0.82,0.7677999999999999,genuine
0.737,0.763,0.82,0.7668499999999999,genuine
0.763,0.677,0.9,0.76715,genuine
0.754,0.729,0.88,0.77675,genuine
0.761,0.762,0.85,0.7836,genuine
0.75,0.58,0.83,0.7105,genuine
0.731,0.484,0.67,0.6293,genuine
0.746,0.674,0.9,0.7593,genuine
0.741,0.691,0.85,0.7507499999999999,genuine
0.749,0.718,0.84,0.7608999999999999,genuine
0.766,0.708,0.88,0.7742,genuine
0.756,0.688,0.9,0.7681999999999999,genuine
0.723,0.734,0.93,0.7786000000000001,genuine
0.74,0.72,0.84,0.758,genuine
0.761,0.661,0.81,0.73825,genuine
0.176,0.356,0.75,0.3825,impostor
0.142,0.337,0.0,0.17475,impostor
0.146,0.304,0.82,0.3698,impostor
0.126,0.249,0.0,0.13755,impostor
0.143,0.353,0.82,0.3857499999999999,impostor
0.136,0.33,0.9,0.39490000000000003,impostor
0.139,0.324,0.91,0.3965,impostor
0.146,0.357,0.89,0.40585,impostor
0.132,0.326,0.82,0.3719,impostor
0.137,0.299,0.84,0.36945,impostor
0.13,0.325,0.92,0.39575000000000005,impostor
0.136,0.315,0.89,0.38715,impostor
0.135,0.373,0.92,0.41455,impostor
0.138,0.302,0.93,0.39339999999999997,impostor
0.153,0.336,0.74,0.3638,impostor
0.159,0.293,0.9,0.39115,impostor
0.158,0.349,0.89,0.40785,impostor
0.139,0.337,0.87,0.39105,impostor
0.151,0.328,0.83,0.3827,impostor
0.164,0.341,0.91,0.41245,impostor
0.137,0.32,0.89,0.3893,impostor
0.157,0.411,0.86,0.42164999999999997,impostor
0.144,0.353,0.82,0.38615,impostor
0.162,0.363,0.87,0.40935,impostor
0.155,0.356,0.88,0.40659999999999996,impostor
0.151,0.257,0.87,0.36785,impostor
0.157,0.425,0.8,0.41155,impostor
0.158,0.349,0.85,0.39785,impostor
0.159,0.333,0.85,0.39265,impostor
0.164,0.361,0.92,0.42195000000000005,impostor
0.167,0.352,0.92,0.42000000000000004,impostor
0.138,0.334,0.82,0.3771,impostor
0.138,0.361,0.85,0.39405,impostor
0.154,0.379,0.86,0.40925,impostor
0.153,0.43,0.74,0.3967,impostor
0.158,0.345,0.72,0.36395,impostor
0.166,0.273,0.91,0.38944999999999996,impostor
0.157,0.436,0.89,0.43789999999999996,impostor
0.163,0.38,0.89,0.42069999999999996,impostor
0.171,0.365,0.86,0.41115,impostor
0.162,0.325,0.0,0.17855,impostor
0.163,0.4,0.77,0.3977,impostor
0.151,0.452,0.75,0.4061,impostor
0.157,0.391,0.63,0.35714999999999997,impostor
0.171,0.327,0.74,0.36785,impostor
0.159,0.408,0.71,0.38389999999999996,impostor
0.17,0.379,0.75,0.38815,impostor
0.149,0.371,0.71,0.36695,impostor
0.168,0.384,0.61,0.35409999999999997,impostor
0.17,0.399,0.81,0.41015,impostor
0.161,0.209,0.65,0.30005000000000004,impostor
0.158,0.259,0.64,0.31384999999999996,impostor
0.164,0.268,0.76,0.3494,impostor
0.152,0.341,0.91,0.40765,impostor
0.138,0.24,0.94,0.3742,impostor
0.151,0.154,0.87,0.3318,impostor
0.143,0.136,0.94,0.3398,impostor
0.176,0.059,0.93,0.32355,impostor
0.256,0.237,0.95,0.42285,impostor
0.132,0.187,0.95,0.35575,impostor
0.136,0.066,0.97,0.32,impostor
0.151,0.183,0.95,0.36195,impostor
0.151,0.137,0.98,0.35335,impostor
0.139,0.142,0.94,0.3403,impostor
0.148,0.116,0.98,0.3448,impostor
0.145,0.089,0.98,0.33415,impostor
0.137,0.149,0.98,0.35195,impostor
0.194,0.099,0.98,0.35725,impostor
0.141,0.056,0.97,0.3185,impostor
0.152,0.08,0.98,0.3338,impostor
0.15,0.073,0.99,0.33304999999999996,impostor
0.127,0.082,0.99,0.327,impostor
0.14,0.067,0.97,0.32195,impostor
0.133,0.266,0.96,0.3863,impostor
0.179,0.347,0.95,0.43055,impostor
0.129,0.34,0.95,0.4081,impostor
0.131,0.339,0.79,0.36855000000000004,impostor
0.161,0.236,0.75,0.3345,impostor
0.272,0.069,0.68,0.30295000000000005,impostor
0.115,0.049,0.68,0.23315000000000002,impostor
0.132,0.124,0.97,0.3387,impostor
0.139,0.173,0.97,0.35865,impostor
0.137,0.235,0.97,0.37955,impostor
0.176,0.131,0.96,0.35625,impostor
0.133,0.162,0.97,0.3524,impostor
0.188,0.206,0.97,0.3898,impostor
0.194,0.136,0.73,0.3077,impostor
0.15,0.231,0.98,0.38585,impostor
0.139,0.115,0.98,0.34085,impostor
0.129,0.12,0.97,0.3361,impostor
0.121,0.073,0.98,0.31894999999999996,impostor
0.118,0.174,0.98,0.35309999999999997,impostor
0.133,0.218,0.98,0.3745,impostor
0.153,0.133,0.92,0.33775,impostor
0.124,0.112,0.74,0.2738,impostor
0.137,0.136,0.97,0.3449,impostor
0.208,0.116,0.98,0.3688,impostor
0.198,0.127,0.98,0.36865000000000003,impostor
0.179,0.128,0.97,0.3589,impostor
0.191,0.243,0.97,0.40395,impostor
0.159,0.209,0.97,0.37925,impostor
0.139,0.093,0.98,0.33315,impostor
0.185,0.218,0.98,0.3953,impostor
0.148,0.145,0.98,0.35495,impostor
0.092,0.24,0.0,0.12079999999999999,impostor
0.076,0.212,0.0,0.10459999999999998,impostor
0.071,0.202,0.0,0.0991,impostor
0.069,0.154,0.0,0.0815,impostor
0.07,0.123,0.0,0.07105,impostor
0.075,0.258,0.0,0.12029999999999999,impostor
0.063,0.236,0.0,0.10779999999999999,impostor
0.081,0.213,0.0,0.10694999999999999,impostor
0.075,0.225,0.0,0.10875,impostor
0.07,0.195,0.0,0.09625,impostor
0.071,0.251,0.0,0.11624999999999999,impostor
0.066,0.157,0.0,0.08135,impostor
0.089,0.232,0.0,0.11679999999999999,impostor
0.082,0.29,0.0,0.1343,impostor
0.137,0.281,0.0,0.15315,impostor
0.072,0.311,0.0,0.13765,impostor
0.102,0.333,0.0,0.15735,impostor
0.112,0.247,0.0,0.13125,impostor
0.12,0.319,0.0,0.15965000000000001,impostor
0.095,0.297,0.0,0.14195,impostor
0.127,0.305,0.0,0.15755,impostor
0.061,0.248,0.0,0.1112,impostor
0.09,0.246,0.0,0.12209999999999999,impostor
0.074,0.202,0.0,0.1003,impostor
0.078,0.275,0.0,0.12745,impostor
0.055,0.219,0.0,0.09865,impostor
0.08,0.257,0.0,0.12195,impostor
0.079,0.291,0.0,0.13344999999999999,impostor
0.079,0.283,0.0,0.13065,impostor
0.074,0.274,0.0,0.1255,impostor
0.074,0.093,0.0,0.06215,impostor
0.088,0.267,0.0,0.12865000000000001,impostor
0.08,0.21,0.0,0.1055,impostor
0.088,0.29,0.0,0.1367,impostor
0.082,0.264,0.0,0.1252,impostor
0.076,0.276,0.0,0.127,impostor
0.078,0.262,0.0,0.12290000000000001,impostor
0.093,0.257,0.0,0.12715,impostor
0.064,0.285,0.0,0.12535,impostor
0.055,0.329,0.0,0.13715,impostor
0.095,0.223,0.0,0.11605,impostor
0.085,0.3,0.0,0.139,impostor
0.086,0.256,0.0,0.124,impostor
0.088,0.28,0.0,0.1332,impostor
0.076,0.232,0.0,0.11159999999999999,impostor
0.089,0.234,0.0,0.1175,impostor
0.107,0.259,0.0,0.13345,impostor
0.079,0.255,0.0,0.12085,impostor
0.089,0.275,0.0,0.13185,impostor
0.098,0.238,0.0,0.1225,impostor
0.084,0.261,0.0,0.12495,impostor
0.096,0.217,0.0,0.11435,impostor
0.075,0.256,0.0,0.1196,impostor
0.076,0.205,0.0,0.10214999999999999,impostor
0.075,0.303,0.0,0.13605,impostor
0.119,0.236,0.0,0.13019999999999998,impostor
0.11,0.195,0.0,0.11224999999999999,impostor
0.09,0.257,0.0,0.12595,impostor
0.101,0.244,0.0,0.1258,impostor
0.091,0.215,0.0,0.11165,impostor
0.076,0.21,0.0,0.10389999999999999,impostor
0.088,0.193,0.0,0.10275000000000001,impostor
0.087,0.205,0.0,0.10654999999999999,impostor
0.086,0.193,0.0,0.10195,impostor
0.096,0.259,0.0,0.12905,impostor
0.068,0.213,0.0,0.10175,impostor
0.075,0.226,0.0,0.1091,impostor
0.082,0.188,0.0,0.0986,impostor
0.077,0.287,0.0,0.13124999999999998,impostor
0.092,0.246,0.0,0.1229,impostor
0.106,0.383,0.92,0.40645,impostor
0.132,0.349,0.98,0.41995,impostor
0.108,0.323,0.98,0.40125,impostor
0.102,0.316,0.94,0.38639999999999997,impostor
0.103,0.326,0.96,0.3953,impostor
0.144,0.342,0.0,0.1773,impostor
0.099,0.369,0.97,0.41125,impostor
0.179,0.348,0.99,0.44089999999999996,impostor
0.199,0.275,0.99,0.42335,impostor
0.202,0.103,0.99,0.36435,impostor
0.21,0.374,0.99,0.4624,impostor
0.203,0.359,0.97,0.44934999999999997,impostor
0.187,0.37,0.98,0.44930000000000003,impostor
0.205,0.474,0.98,0.4929,impostor
0.215,0.363,0.98,0.45805,impostor
0.227,0.416,0.9,0.46140000000000003,impostor
0.202,0.384,0.94,0.4502,impostor
0.223,0.356,0.87,0.4313,impostor
0.203,0.339,0.97,0.44235,impostor
0.188,0.263,0.98,0.41225,impostor
0.224,0.363,0.97,0.45915,impostor
0.221,0.398,0.98,0.4727,impostor
0.084,0.262,0.99,0.3728,impostor
0.088,0.259,0.96,0.36585,impostor
0.123,0.117,0.93,0.32265,impostor
0.145,0.256,0.99,0.3951,impostor
0.782,0.532,0.91,0.7265,impostor
0.776,0.746,0.93,0.804,impostor
0.769,0.699,0.84,0.76225,impostor
0.786,0.502,0.89,0.7126,impostor
0.762,0.408,0.89,0.6701,impostor
0.739,0.452,0.88,0.6738000000000001,impostor
0.759,0.303,0.87,0.62715,impostor
0.759,0.217,0.91,0.6070500000000001,impostor
0.781,0.577,0.9,0.73935,impostor
0.781,0.688,0.83,0.7606999999999999,impostor
0.696,0.509,0.88,0.67655,impostor
0.689,0.448,0.89,0.6549,impostor
0.668,0.463,0.91,0.6567500000000001,impostor
0.667,0.453,0.94,0.66035,impostor
0.661,0.546,0.91,0.683,impostor
0.661,0.591,0.96,0.7112499999999999,impostor
0.666,0.467,0.84,0.63985,impostor
0.68,0.285,0.96,0.61175,impostor
0.579,0.465,0.91,0.62185,impostor
0.615,0.41,0.87,0.607,impostor
0.739,0.418,0.82,0.6469,impostor
0.786,0.462,0.73,0.6586000000000001,impostor
0.786,0.412,0.94,0.6936,impostor
0.76,0.462,0.94,0.7007000000000001,impostor
0.762,0.391,0.92,0.67165,impostor
0.75,0.547,0.9,0.71645,impostor
0.782,0.572,0.91,0.7405,impostor
0.784,0.607,0.87,0.74355,impostor
0.723,0.387,0.98,0.66965,impostor
0.772,0.587,0.98,0.75925,impostor
0.781,0.385,0.93,0.67965,impostor
0.765,0.516,0.96,0.7266,impostor
0.775,0.622,0.81,0.7302000000000001,impostor
0.75,0.511,0.9,0.70385,impostor
0.761,0.468,0.94,0.7032,impostor
0.771,0.418,0.98,0.6997,impostor
0.774,0.485,0.99,0.72685,impostor
0.778,0.554,0.98,0.7501000000000001,impostor
0.782,0.42,0.96,0.6998,impostor
0.769,0.613,0.93,0.75465,impostor
0.748,0.577,0.67,0.66865,impostor
0.5,0.721,0.83,0.6598499999999999,impostor
0.518,0.783,0.81,0.6837500000000001,impostor
0.778,0.382,0.82,0.6499,impostor
0.731,0.722,0.84,0.7550999999999999,impostor
0.829,0.71,0.94,0.8150999999999999,impostor
0.784,0.643,0.72,0.71865,impostor
0.701,0.481,0.95,0.68625,impostor
0.7,0.586,0.96,0.7251,impostor
0.805,0.626,0.87,0.7586,impostor
0.782,0.63,0.91,0.7608,impostor
0.52,0.551,0.72,0.5808500000000001,impostor
0.81,0.581,0.68,0.69735,impostor
0.808,0.571,0.95,0.7605500000000001,impostor
0.81,0.592,0.99,0.7787,impostor
0.79,0.69,0.88,0.7775,impostor
0.818,0.713,0.97,0.81925,impostor
0.779,0.62,0.8,0.7286000000000001,impostor
0.742,0.731,0.72,0.73265,impostor
0.735,0.624,0.91,0.7399,impostor
0.791,0.723,0.79,0.76695,impostor
0.808,0.504,0.92,0.7296,impostor
0.817,0.579,0.82,0.7344499999999999,impostor
0.813,0.661,0.87,0.77405,impostor
0.817,0.48,0.77,0.6873,impostor
0.812,0.578,0.73,0.7096,impostor
0.784,0.596,0.93,0.7547,impostor
0.814,0.6,0.91,0.7631,impostor
0.82,0.513,0.96,0.7475499999999999,impostor
0.808,0.589,0.93,0.76185,impostor
0.792,0.658,0.87,0.7646000000000001,impostor
0.8,0.585,0.99,0.7722500000000001,impostor
0.809,0.42,0.91,0.6981,impostor
0.795,0.691,0.85,0.77235,impostor
0.805,0.612,0.96,0.7762,impostor
0.793,0.691,0.97,0.80155,impostor
0.772,0.722,0.97,0.804,impostor
0.813,0.716,0.98,0.8208,impostor
0.814,0.707,0.98,0.8180499999999999,impostor
0.815,0.553,0.98,0.76455,impostor
0.805,0.662,0.97,0.7962,impostor
0.551,0.635,0.87,0.66015,impostor
0.762,0.722,0.99,0.8049999999999999,impostor
0.754,0.577,0.98,0.7485499999999999,impostor
0.807,0.624,0.97,0.7837000000000001,impostor
0.824,0.684,0.97,0.8114999999999999,impostor
0.81,0.512,0.98,0.7482000000000001,impostor
0.806,0.74,0.94,0.8164,impostor
0.813,0.532,0.96,0.7514,impostor
0.582,0.794,0.75,0.6981999999999999,impostor
0.612,0.82,0.84,0.7418,impostor
0.654,0.748,0.96,0.7634,impostor
0.743,0.284,0.94,0.6315999999999999,impostor
0.746,0.285,0.94,0.63315,impostor
0.75,0.236,0.91,0.6101000000000001,impostor
0.769,0.235,0.92,0.61985,impostor
0.768,0.23,0.88,0.6077,impostor
0.768,0.258,0.92,0.6275000000000001,impostor
0.765,0.317,0.9,0.64195,impostor
0.747,0.292,0.93,0.6335000000000001,impostor
